Datum;Reihenfolge;Zahl1;Zahl2;Zahl3;Zahl4;Zahl5;Zahl6;ZZ;Zusatzzahl;Rang_1_5;Anzahl_1_5;a_1_5;Quote_1_5;Rang_2_6;Anzahl_2_6;a_2_6;Quote_2_6;Rang_3_7;Anzahl_3_7;a_3_7;Quote_3_7;Rang_4_8;Anzahl_4_8;a_4_8;Quote_4_8;
01.01.;aufsteigend;5;8;19;23;36;39;ZZ;3;6er;               1;à;       5.100.702,70;5er + ZZ;               3;à;          61.706,10;5er;             184;à;           1.097,50;4er + ZZ;             439;à;             138,00;
01.01.;;;;;;;;;;4er;           8.076;à;              41,60;3er + ZZ;          11.291;à;              13,40;3er;         123.124;à;               4,90;ZZ;         376.940;à;               1,20;
05.01.;aufsteigend;3;5;12;27;36;44;ZZ;15;6er;JP;;         784.450,00;5er + ZZ;               3;à;          35.953,90;5er;             118;à;             997,10;4er + ZZ;             304;à;             116,10;
05.01.;;;;;;;;;;4er;           4.891;à;              40,00;3er + ZZ;           6.852;à;              12,80;3er;          76.648;à;               4,60;ZZ;         194.453;à;               1,20;
08.01.;aufsteigend;18;21;24;38;41;42;ZZ;4;6er;DJP;;       1.562.962,40;5er + ZZ;               2;à;          53.522,70;5er;              79;à;           1.478,10;4er + ZZ;             202;à;             173,40;
08.01.;;;;;;;;;;4er;           3.577;à;              54,40;3er + ZZ;           5.624;à;              15,50;3er;          61.259;à;               5,70;ZZ;         232.171;à;               1,20;
12.01.;aufsteigend;6;13;25;31;38;44;ZZ;32;6er;3JP;;       2.605.418,70;5er + ZZ;               3;à;          47.779,20;5er;             101;à;           1.548,20;4er + ZZ;             252;à;             186,10;
12.01.;;;;;;;;;;4er;           4.910;à;              53,00;3er + ZZ;           6.229;à;              18,80;3er;          82.953;à;               5,60;ZZ;         274.909;à;               1,20;
15.01.;aufsteigend;9;11;16;26;31;41;ZZ;34;6er;               1;à;       3.743.596,90;5er + ZZ;               3;à;          52.166,50;5er;             148;à;           1.153,50;4er + ZZ;             358;à;             143,00;
15.01.;;;;;;;;;;4er;           6.863;à;              41,40;3er + ZZ;           8.344;à;              15,30;3er;         102.111;à;               5,00;ZZ;         278.999;à;               1,20;
19.01.;aufsteigend;5;12;36;38;39;45;ZZ;22;6er;JP;;         739.149,00;5er + ZZ;JP;;         101.632,90;5er;              81;à;           1.368,70;4er + ZZ;             195;à;             170,50;
19.01.;;;;;;;;;;4er;           3.585;à;              51,50;3er + ZZ;           5.138;à;              16,10;3er;          59.766;à;               5,50;ZZ;         196.996;à;               1,20;
22.01.;aufsteigend;1;15;28;42;43;44;ZZ;12;6er;DJP;;       1.567.177,00;5er + ZZ;               1;à;         215.486,80;5er;              83;à;           1.496,40;4er + ZZ;             208;à;             179,10;
22.01.;;;;;;;;;;4er;           3.926;à;              52,70;3er + ZZ;           5.586;à;              16,60;3er;          67.694;à;               5,50;ZZ;         238.708;à;               1,20;
26.01.;aufsteigend;5;23;26;27;37;40;ZZ;4;6er;3JP;;       2.586.615,30;5er + ZZ;               3;à;          46.724,20;5er;             132;à;           1.158,40;4er + ZZ;             271;à;             169,20;
26.01.;;;;;;;;;;4er;           5.247;à;              48,50;3er + ZZ;           7.257;à;              15,80;3er;          89.052;à;               5,10;ZZ;         285.667;à;               1,20;
29.01.;aufsteigend;3;11;23;29;39;44;ZZ;28;6er;               2;à;       1.852.209,10;5er + ZZ;               6;à;          25.616,30;5er;             154;à;           1.088,70;4er + ZZ;             329;à;             152,80;
29.01.;;;;;;;;;;4er;           6.700;à;              41,70;3er + ZZ;           8.481;à;              14,80;3er;         104.265;à;               4,80;ZZ;         304.291;à;               1,20;
02.02.;aufsteigend;6;7;9;20;28;30;ZZ;40;6er;               1;à;       1.000.000,00;5er + ZZ;               4;à;          26.303,30;5er;             127;à;             903,70;4er + ZZ;             305;à;             112,80;
02.02.;;;;;;;;;;4er;           5.830;à;              32,80;3er + ZZ;           6.512;à;              13,20;3er;          80.821;à;               4,20;ZZ;         178.397;à;               1,20;
05.02.;aufsteigend;8;17;33;36;38;44;ZZ;23;6er;JP;;         624.985,80;5er + ZZ;               1;à;          85.935,50;5er;              70;à;           1.339,20;4er + ZZ;             193;à;             145,70;
05.02.;;;;;;;;;;4er;           3.471;à;              45,00;3er + ZZ;           4.791;à;              14,60;3er;          53.759;à;               5,20;ZZ;         165.473;à;               1,20;
09.02.;aufsteigend;5;22;23;27;37;45;ZZ;25;6er;DJP;;       1.526.804,60;5er + ZZ;               4;à;          31.000,00;5er;              81;à;           1.670,00;4er + ZZ;             210;à;             193,20;
09.02.;;;;;;;;;;4er;           4.836;à;              46,60;3er + ZZ;           6.136;à;              16,50;3er;          79.353;à;               5,10;ZZ;         221.959;à;               1,20;
12.02.;aufsteigend;3;4;7;17;39;44;ZZ;33;6er;3JP;;       2.444.200,20;5er + ZZ;               4;à;          31.535,40;5er;             121;à;           1.137,20;4er + ZZ;             359;à;             114,90;
12.02.;;;;;;;;;;4er;           6.396;à;              35,80;3er + ZZ;           8.154;à;              12,60;3er;          93.010;à;               4,40;ZZ;         234.587;à;               1,20;
16.02.;aufsteigend;4;5;20;22;31;39;ZZ;38;6er;4JP;;       3.656.154,60;5er + ZZ;               1;à;         166.643,70;5er;             116;à;           1.567,10;4er + ZZ;             287;à;             190,00;
16.02.;;;;;;;;;;4er;           6.170;à;              49,10;3er + ZZ;           7.402;à;              18,40;3er;         106.355;à;               5,10;ZZ;         298.491;à;               1,20;
19.02.;aufsteigend;1;2;3;16;24;44;ZZ;12;6er;5JP;;       5.015.647,30;5er + ZZ;               5;à;          37.386,00;5er;             131;à;           1.556,60;4er + ZZ;             511;à;             119,70;
19.02.;;;;;;;;;;4er;           7.855;à;              43,20;3er + ZZ;          11.931;à;              12,80;3er;         121.140;à;               5,00;ZZ;         355.810;à;               1,20;
23.02.;aufsteigend;6;8;18;33;42;45;ZZ;29;6er;6JP;;       6.821.231,10;5er + ZZ;               3;à;          82.755,90;5er;             201;à;           1.347,40;4er + ZZ;             564;à;             144,00;
23.02.;;;;;;;;;;4er;          10.019;à;              45,00;3er + ZZ;          13.041;à;              15,50;3er;         159.184;à;               5,10;ZZ;         475.226;à;               1,20;
26.02.;aufsteigend;3;6;11;16;25;43;ZZ;1;6er;               3;à;       3.067.178,20;5er + ZZ;              11;à;          29.753,70;5er;             326;à;           1.095,20;4er + ZZ;             869;à;             123,20;
26.02.;;;;;;;;;;4er;          13.945;à;              42,60;3er + ZZ;          19.173;à;              13,90;3er;         218.999;à;               4,90;ZZ;         606.732;à;               1,20;
01.03.;aufsteigend;11;14;20;37;38;41;ZZ;13;6er;               1;à;       1.000.000,00;5er + ZZ;               4;à;          26.397,20;5er;              61;à;           1.888,30;4er + ZZ;             180;à;             191,90;
01.03.;;;;;;;;;;4er;           3.463;à;              55,40;3er + ZZ;           4.422;à;              19,50;3er;          59.552;à;               5,80;ZZ;         216.655;à;               1,20;
04.03.;aufsteigend;4;10;12;31;34;44;ZZ;32;6er;               1;à;       1.000.000,00;5er + ZZ;               2;à;          45.707,40;5er;              69;à;           1.445,20;4er + ZZ;             169;à;             177,00;
04.03.;;;;;;;;;;4er;           3.600;à;              46,10;3er + ZZ;           4.235;à;              17,60;3er;          59.487;à;               5,00;ZZ;         163.389;à;               1,20;
08.03.;aufsteigend;3;10;13;18;26;36;ZZ;9;6er;               2;à;         500.000,00;5er + ZZ;               4;à;          26.507,30;5er;             137;à;             844,20;4er + ZZ;             269;à;             128,90;
08.03.;;;;;;;;;;4er;           4.703;à;              40,90;3er + ZZ;           7.044;à;              12,30;3er;          72.480;à;               4,80;ZZ;         223.700;à;               1,20;
11.03.;aufsteigend;15;29;31;42;44;45;ZZ;10;6er;JP;;         653.046,80;5er + ZZ;               1;à;          89.793,90;5er;              66;à;           1.484,10;4er + ZZ;             172;à;             170,80;
11.03.;;;;;;;;;;4er;           2.956;à;              55,20;3er + ZZ;           4.240;à;              17,30;3er;          50.820;à;               5,80;ZZ;         202.050;à;               1,20;
13.03.;aufsteigend;2;14;26;30;38;39;ZZ;18;6er;DJP;;       1.464.858,70;5er + ZZ;               4;à;          27.906,00;5er;              81;à;           1.503,30;4er + ZZ;             254;à;             143,80;
13.03.;;;;;;;;;;4er;           4.151;à;              48,80;3er + ZZ;           5.428;à;              16,80;3er;          67.701;à;               5,40;ZZ;         206.402;à;               1,20;
15.03.;aufsteigend;4;16;17;20;25;43;ZZ;19;6er;3JP;;       2.157.961,20;5er + ZZ;               3;à;          31.767,20;5er;              76;à;           1.367,90;4er + ZZ;             162;à;             192,50;
15.03.;;;;;;;;;;4er;           3.540;à;              48,90;3er + ZZ;           4.659;à;              16,70;3er;          59.148;à;               5,30;ZZ;         192.570;à;               1,20;
18.03.;aufsteigend;5;9;20;21;26;42;ZZ;27;6er;               1;à;       2.931.988,60;5er + ZZ;JP;;         106.428,70;5er;              89;à;           1.304,50;4er + ZZ;             217;à;             160,50;
18.03.;;;;;;;;;;4er;           4.209;à;              45,90;3er + ZZ;           6.121;à;              14,20;3er;          71.810;à;               4,80;ZZ;         216.563;à;               1,20;
22.03.;aufsteigend;4;9;12;17;32;43;ZZ;38;6er;JP;;         595.369,40;5er + ZZ;DJP;;         188.292,00;5er;              77;à;           1.159,80;4er + ZZ;             174;à;             153,90;
22.03.;;;;;;;;;;4er;           3.416;à;              43,50;3er + ZZ;           3.834;à;              17,40;3er;          57.412;à;               4,60;ZZ;         137.803;à;               1,20;
25.03.;aufsteigend;5;26;30;31;32;33;ZZ;6;6er;DJP;;       1.242.615,00;5er + ZZ;               1;à;         277.288,30;5er;              54;à;           1.797,90;4er + ZZ;             150;à;             194,10;
25.03.;;;;;;;;;;4er;           3.274;à;              49,40;3er + ZZ;           4.155;à;              17,50;3er;          53.000;à;               5,50;ZZ;         187.478;à;               1,20;
29.03.;aufsteigend;3;4;6;30;36;39;ZZ;5;6er;               1;à;       2.064.553,80;5er + ZZ;JP;;         113.016,50;5er;              91;à;           1.354,80;4er + ZZ;             195;à;             189,60;
29.03.;;;;;;;;;;4er;           4.146;à;              49,50;3er + ZZ;           7.458;à;              12,30;3er;          71.646;à;               5,10;ZZ;         238.229;à;               1,20;
01.04.;aufsteigend;1;11;15;22;26;36;ZZ;25;6er;JP;;         549.182,40;5er + ZZ;               3;à;          62.843,00;5er;              68;à;           1.211,40;4er + ZZ;             156;à;             158,40;
01.04.;;;;;;;;;;4er;           3.793;à;              36,10;3er + ZZ;           3.678;à;              16,70;3er;          50.130;à;               4,90;ZZ;         131.724;à;               1,20;
05.04.;aufsteigend;12;23;28;33;40;41;ZZ;11;6er;DJP;;       1.324.207,60;5er + ZZ;JP;;         106.565,90;5er;              66;à;           1.761,40;4er + ZZ;             211;à;             165,20;
05.04.;;;;;;;;;;4er;           4.070;à;              47,60;3er + ZZ;           5.592;à;              15,50;3er;          66.915;à;               5,20;ZZ;         224.535;à;               1,20;
08.04.;aufsteigend;1;4;6;15;18;32;ZZ;9;6er;3JP;;       2.114.184,40;5er + ZZ;DJP;;         215.187,70;5er;             103;à;           1.150,40;4er + ZZ;             286;à;             124,20;
08.04.;;;;;;;;;;4er;           4.207;à;              46,90;3er + ZZ;           7.239;à;              12,20;3er;          71.364;à;               5,00;ZZ;         223.670;à;               1,20;
12.04.;aufsteigend;13;20;26;41;43;45;ZZ;17;6er;4JP;;       3.175.585,80;5er + ZZ;               2;à;         180.565,20;5er;             102;à;           1.560,80;4er + ZZ;             279;à;             171,10;
12.04.;;;;;;;;;;4er;           4.999;à;              53,00;3er + ZZ;           7.479;à;              15,90;3er;          86.049;à;               5,50;ZZ;         297.132;à;               1,20;
15.04.;aufsteigend;2;5;11;41;43;44;ZZ;38;6er;5JP;;       4.229.588,00;5er + ZZ;               3;à;          48.308,40;5er;             129;à;           1.225,50;4er + ZZ;             262;à;             181,00;
15.04.;;;;;;;;;;4er;           5.386;à;              48,90;3er + ZZ;           6.945;à;              17,00;3er;          92.620;à;               5,10;ZZ;         256.378;à;               1,20;
19.04.;aufsteigend;2;10;12;33;35;39;ZZ;38;6er;6JP;;       5.745.440,30;5er + ZZ;               3;à;          69.476,50;5er;             188;à;           1.209,40;4er + ZZ;             383;à;             178,10;
19.04.;;;;;;;;;;4er;           8.373;à;              45,20;3er + ZZ;          10.220;à;              16,60;3er;         135.487;à;               5,00;ZZ;         372.551;à;               1,20;
22.04.;aufsteigend;3;11;12;23;28;38;ZZ;2;6er;               1;à;       7.749.269,60;5er + ZZ;               4;à;          68.881,60;5er;             252;à;           1.192,70;4er + ZZ;             698;à;             129,10;
22.04.;;;;;;;;;;4er;          12.409;à;              40,30;3er + ZZ;          16.670;à;              13,50;3er;         191.784;à;               4,70;ZZ;         517.503;à;               1,20;
26.04.;aufsteigend;8;16;23;25;26;28;ZZ;11;6er;JP;;         716.603,10;5er + ZZ;               5;à;          19.706,50;5er;              75;à;           1.433,20;4er + ZZ;             281;à;             114,70;
26.04.;;;;;;;;;;4er;           4.204;à;              42,60;3er + ZZ;           6.714;à;              12,00;3er;          67.128;à;               4,80;ZZ;         198.859;à;               1,20;
29.04.;aufsteigend;11;15;16;18;29;34;ZZ;13;6er;DJP;;       1.517.829,50;5er + ZZ;               3;à;          36.722,80;5er;              85;à;           1.413,90;4er + ZZ;             194;à;             185,80;
29.04.;;;;;;;;;;4er;           4.065;à;              49,20;3er + ZZ;           5.332;à;              16,90;3er;          67.539;à;               5,30;ZZ;         218.792;à;               1,20;
03.05.;aufsteigend;10;14;21;32;34;45;ZZ;11;6er;               2;à;       1.260.846,90;5er + ZZ;               3;à;          46.010,40;5er;             142;à;           1.060,40;4er + ZZ;             261;à;             173,00;
03.05.;;;;;;;;;;4er;           5.704;à;              43,90;3er + ZZ;           7.135;à;              15,80;3er;          86.870;à;               5,20;ZZ;         297.339;à;               1,20;
06.05.;aufsteigend;4;8;26;27;28;44;ZZ;12;6er;JP;;         656.525,00;5er + ZZ;               4;à;          22.568,00;5er;              81;à;           1.215,70;4er + ZZ;             286;à;             103,20;
06.05.;;;;;;;;;;4er;           3.933;à;              41,70;3er + ZZ;           6.581;à;              11,20;3er;          63.165;à;               4,70;ZZ;         175.312;à;               1,20;
10.05.;aufsteigend;7;13;27;31;32;44;ZZ;10;6er;               1;à;       1.585.772,90;5er + ZZ;               2;à;          63.885,70;5er;             116;à;           1.201,60;4er + ZZ;             284;à;             147,20;
10.05.;;;;;;;;;;4er;           4.828;à;              48,10;3er + ZZ;           6.999;à;              14,90;3er;          81.611;à;               5,10;ZZ;         268.125;à;               1,20;
13.05.;aufsteigend;4;18;19;21;25;36;ZZ;2;6er;JP;;         641.993,00;5er + ZZ;               2;à;          44.137,00;5er;              78;à;           1.234,60;4er + ZZ;             222;à;             130,10;
13.05.;;;;;;;;;;4er;           3.256;à;              49,20;3er + ZZ;           4.741;à;              15,20;3er;          52.326;à;               5,50;ZZ;         176.038;à;               1,20;
17.05.;aufsteigend;3;7;11;18;22;34;ZZ;35;6er;               1;à;       1.563.365,00;5er + ZZ;JP;;         126.688,60;5er;             126;à;           1.096,80;4er + ZZ;             231;à;             179,40;
17.05.;;;;;;;;;;4er;           5.960;à;              38,60;3er + ZZ;           6.437;à;              16,10;3er;          91.513;à;               4,50;ZZ;         222.728;à;               1,20;
20.05.;aufsteigend;4;13;14;24;27;31;ZZ;22;6er;               1;à;       1.000.000,00;5er + ZZ;               6;à;          35.947,20;5er;              95;à;           1.021,90;4er + ZZ;             181;à;             160,90;
20.05.;;;;;;;;;;4er;           3.629;à;              44,50;3er + ZZ;           4.819;à;              15,10;3er;          57.982;à;               5,00;ZZ;         171.128;à;               1,20;
24.05.;aufsteigend;12;16;18;25;28;34;ZZ;45;6er;JP;;         692.452,70;5er + ZZ;               1;à;          95.212,20;5er;              71;à;           1.462,90;4er + ZZ;             136;à;             229,10;
24.05.;;;;;;;;;;4er;           3.637;à;              47,50;3er + ZZ;           4.437;à;              17,50;3er;          59.779;à;               5,20;ZZ;         176.316;à;               1,20;
27.05.;aufsteigend;12;20;28;37;40;42;ZZ;1;6er;DJP;;       1.474.774,10;5er + ZZ;               1;à;         107.569,10;5er;              78;à;           1.504,40;4er + ZZ;             249;à;             141,30;
27.05.;;;;;;;;;;4er;           4.087;à;              47,80;3er + ZZ;           5.674;à;              15,50;3er;          65.010;à;               5,40;ZZ;         218.698;à;               1,20;
31.05.;aufsteigend;21;25;26;28;34;40;ZZ;17;6er;               1;à;       2.524.333,70;5er + ZZ;               3;à;          48.104,80;5er;             103;à;           1.528,40;4er + ZZ;             283;à;             166,80;
31.05.;;;;;;;;;;4er;           5.080;à;              51,60;3er + ZZ;           7.737;à;              15,20;3er;          86.437;à;               5,40;ZZ;         293.161;à;               1,20;
03.06.;aufsteigend;4;9;10;13;18;31;ZZ;36;6er;               2;à;         500.000,00;5er + ZZ;               5;à;          16.867,60;5er;              81;à;           1.135,80;4er + ZZ;             186;à;             148,30;
03.06.;;;;;;;;;;4er;           3.977;à;              38,50;3er + ZZ;           4.107;à;              16,80;3er;          59.799;à;               4,60;ZZ;         143.931;à;               1,20;
07.06.;aufsteigend;1;12;20;36;41;42;ZZ;22;6er;               1;à;       1.000.000,00;5er + ZZ;               4;à;          25.477,40;5er;              76;à;           1.462,80;4er + ZZ;             186;à;             179,30;
07.06.;;;;;;;;;;4er;           3.601;à;              51,40;3er + ZZ;           4.901;à;              17,00;3er;          57.748;à;               5,80;ZZ;         199.077;à;               1,20;
10.06.;aufsteigend;8;11;18;24;27;37;ZZ;45;6er;               1;à;       1.000.000,00;5er + ZZ;               2;à;          44.234,80;5er;              89;à;           1.084,40;4er + ZZ;             183;à;             158,20;
10.06.;;;;;;;;;;4er;           3.627;à;              44,30;3er + ZZ;           4.353;à;              16,60;3er;          59.332;à;               4,90;ZZ;         162.952;à;               1,20;
14.06.;aufsteigend;9;12;17;20;28;45;ZZ;5;6er;JP;;         695.661,10;5er + ZZ;               6;à;          15.942,20;5er;             113;à;             923,40;4er + ZZ;             299;à;             104,60;
14.06.;;;;;;;;;;4er;           4.610;à;              37,70;3er + ZZ;           6.923;à;              11,30;3er;          66.743;à;               4,70;ZZ;         193.599;à;               1,20;
17.06.;aufsteigend;3;11;12;16;28;39;ZZ;43;6er;               1;à;       1.499.154,40;5er + ZZ;               3;à;          36.826,70;5er;             137;à;             879,70;4er + ZZ;             286;à;             126,40;
17.06.;;;;;;;;;;4er;           5.510;à;              36,40;3er + ZZ;           6.770;à;              13,30;3er;          82.004;à;               4,40;ZZ;         191.724;à;               1,20;
19.06.;aufsteigend;1;7;13;39;44;45;ZZ;9;6er;JP;;         625.001,70;5er + ZZ;               1;à;          85.937,70;5er;             105;à;             892,80;4er + ZZ;             206;à;             136,50;
19.06.;;;;;;;;;;4er;           3.532;à;              44,20;3er + ZZ;           5.169;à;              13,60;3er;          55.535;à;               5,00;ZZ;         183.639;à;               1,20;
21.06.;aufsteigend;4;15;30;35;38;45;ZZ;42;6er;DJP;;       1.272.298,20;5er + ZZ;JP;;          89.003,20;5er;              87;à;           1.116,00;4er + ZZ;             174;à;             167,40;
21.06.;;;;;;;;;;4er;           3.321;à;              48,70;3er + ZZ;           3.984;à;              18,20;3er;          53.067;à;               5,50;ZZ;         158.280;à;               1,20;
24.06.;aufsteigend;10;17;18;25;29;36;ZZ;37;6er;3JP;;       2.134.106,20;5er + ZZ;DJP;;         207.501,80;5er;              79;à;           1.636,30;4er + ZZ;             199;à;             194,80;
24.06.;;;;;;;;;;4er;           4.347;à;              49,50;3er + ZZ;           5.315;à;              18,20;3er;          73.101;à;               5,30;ZZ;         198.860;à;               1,20;
28.06.;aufsteigend;10;16;28;31;36;37;ZZ;33;6er;               2;à;       1.641.680,80;5er + ZZ;               2;à;         182.762,20;5er;             123;à;           1.401,50;4er + ZZ;             279;à;             185,30;
28.06.;;;;;;;;;;4er;           5.564;à;              51,60;3er + ZZ;           7.950;à;              16,20;3er;          93.456;à;               5,50;ZZ;         318.283;à;               1,20;
01.07.;aufsteigend;1;3;15;22;27;32;ZZ;23;6er;JP;;         630.374,50;5er + ZZ;               1;à;          86.676,40;5er;             102;à;             927,00;4er + ZZ;             178;à;             159,30;
01.07.;;;;;;;;;;4er;           3.895;à;              40,40;3er + ZZ;           5.024;à;              14,10;3er;          60.994;à;               4,60;ZZ;         160.617;à;               1,20;
05.07.;aufsteigend;1;3;5;6;35;42;ZZ;9;6er;               1;à;       1.529.890,70;5er + ZZ;               3;à;          41.227,80;5er;              92;à;           1.466,60;4er + ZZ;             370;à;             109,40;
05.07.;;;;;;;;;;4er;           6.027;à;              37,30;3er + ZZ;           8.617;à;              11,70;3er;          81.534;à;               4,90;ZZ;         248.080;à;               1,20;
08.07.;aufsteigend;4;16;26;31;34;40;ZZ;42;6er;JP;;         623.688,10;5er + ZZ;               1;à;          85.757,10;5er;              82;à;           1.140,80;4er + ZZ;             166;à;             169,00;
08.07.;;;;;;;;;;4er;           3.477;à;              44,80;3er + ZZ;           4.115;à;              17,00;3er;          54.176;à;               5,20;ZZ;         151.079;à;               1,20;
12.07.;aufsteigend;8;17;18;33;42;45;ZZ;32;6er;DJP;;       1.501.733,40;5er + ZZ;               2;à;          60.365,60;5er;             120;à;           1.097,50;4er + ZZ;             244;à;             161,90;
12.07.;;;;;;;;;;4er;           4.849;à;              45,20;3er + ZZ;           6.045;à;              16,30;3er;          76.835;à;               5,10;ZZ;         213.083;à;               1,20;
15.07.;aufsteigend;11;15;18;21;32;44;ZZ;31;6er;3JP;;       2.431.972,80;5er + ZZ;               4;à;          31.976,90;5er;              86;à;           1.622,50;4er + ZZ;             233;à;             179,60;
15.07.;;;;;;;;;;4er;           4.658;à;              49,90;3er + ZZ;           6.033;à;              17,30;3er;          79.528;à;               5,20;ZZ;         228.143;à;               1,20;
19.07.;aufsteigend;4;11;16;32;41;45;ZZ;21;6er;4JP;;       3.661.597,20;5er + ZZ;               5;à;          33.814,60;5er;             146;à;           1.263,30;4er + ZZ;             421;à;             131,40;
19.07.;;;;;;;;;;4er;           6.443;à;              47,70;3er + ZZ;           9.939;à;              13,90;3er;         105.189;à;               5,20;ZZ;         327.882;à;               1,20;
22.07.;aufsteigend;3;6;9;22;24;38;ZZ;20;6er;               1;à;       5.014.263,60;5er + ZZ;               2;à;          92.995,80;5er;             210;à;             966,10;4er + ZZ;             439;à;             138,60;
22.07.;;;;;;;;;;4er;           8.430;à;              40,10;3er + ZZ;          10.838;à;              14,00;3er;         129.778;à;               4,70;ZZ;         344.227;à;               1,20;
26.07.;aufsteigend;1;3;7;26;27;35;ZZ;21;6er;JP;;         739.483,40;5er + ZZ;               2;à;          50.839,40;5er;             100;à;           1.109,20;4er + ZZ;             251;à;             132,50;
26.07.;;;;;;;;;;4er;           4.794;à;              38,50;3er + ZZ;           6.598;à;              12,60;3er;          77.291;à;               4,30;ZZ;         188.738;à;               1,20;
29.07.;aufsteigend;23;24;31;35;36;42;ZZ;14;6er;               1;à;       1.519.795,70;5er + ZZ;               1;à;         107.292,90;5er;              73;à;           1.603,30;4er + ZZ;             178;à;             197,20;
29.07.;;;;;;;;;;4er;           3.325;à;              58,60;3er + ZZ;           4.908;à;              17,80;3er;          59.066;à;               5,90;ZZ;         206.786;à;               1,20;
02.08.;aufsteigend;16;17;18;23;26;44;ZZ;34;6er;JP;;         724.383,20;5er + ZZ;               2;à;          49.801,30;5er;              72;à;           1.509,10;4er + ZZ;             223;à;             146,10;
02.08.;;;;;;;;;;4er;           3.511;à;              51,50;3er + ZZ;           5.270;à;              15,40;3er;          60.708;à;               5,30;ZZ;         167.866;à;               1,20;
05.08.;aufsteigend;3;30;32;34;37;39;ZZ;18;6er;DJP;;       1.543.694,00;5er + ZZ;               1;à;         112.655,20;5er;             118;à;           1.041,40;4er + ZZ;             202;à;             182,50;
05.08.;;;;;;;;;;4er;           4.141;à;              49,40;3er + ZZ;           4.963;à;              18,50;3er;          64.913;à;               5,70;ZZ;         211.357;à;               1,20;
09.08.;aufsteigend;3;4;17;23;25;32;ZZ;36;6er;3JP;;       2.551.483,70;5er + ZZ;               3;à;          46.190,30;5er;              98;à;           1.542,50;4er + ZZ;             248;à;             182,80;
09.08.;;;;;;;;;;4er;           5.518;à;              45,60;3er + ZZ;           6.978;à;              16,20;3er;          91.295;à;               4,90;ZZ;         242.672;à;               1,20;
12.08.;aufsteigend;1;16;18;23;27;45;ZZ;15;6er;4JP;;       3.651.416,90;5er + ZZ;               6;à;          25.206,80;5er;             115;à;           1.434,60;4er + ZZ;             319;à;             155,10;
12.08.;;;;;;;;;;4er;           6.026;à;              45,60;3er + ZZ;           7.948;à;              15,50;3er;          97.293;à;               5,10;ZZ;         286.878;à;               1,20;
16.08.;aufsteigend;5;26;31;32;37;41;ZZ;23;6er;               2;à;       2.500.168,00;5er + ZZ;               1;à;         185.476,30;5er;             152;à;           1.331,10;4er + ZZ;             360;à;             168,60;
16.08.;;;;;;;;;;4er;           6.336;à;              53,20;3er + ZZ;           9.547;à;              15,80;3er;         106.180;à;               5,70;ZZ;         359.460;à;               1,20;
19.08.;aufsteigend;5;9;15;33;34;42;ZZ;38;6er;JP;;         652.750,50;5er + ZZ;               1;à;          89.753,10;5er;              70;à;           1.398,70;4er + ZZ;             180;à;             163,10;
19.08.;;;;;;;;;;4er;           3.449;à;              47,30;3er + ZZ;           4.403;à;              16,60;3er;          58.518;à;               5,00;ZZ;         149.287;à;               1,20;
23.08.;aufsteigend;3;12;19;26;32;40;ZZ;24;6er;               1;à;       1.539.386,30;5er + ZZ;               2;à;          60.956,20;5er;             164;à;             810,90;4er + ZZ;             295;à;             135,20;
23.08.;;;;;;;;;;4er;           5.792;à;              38,20;3er + ZZ;           7.155;à;              13,90;3er;          80.957;à;               4,90;ZZ;         218.141;à;               1,20;
26.08.;aufsteigend;3;4;8;14;31;38;ZZ;13;6er;JP;;         614.156,80;5er + ZZ;               2;à;          42.223,20;5er;              65;à;           1.417,20;4er + ZZ;             167;à;             165,40;
26.08.;;;;;;;;;;4er;           3.224;à;              47,60;3er + ZZ;           4.444;à;              15,50;3er;          55.711;à;               4,90;ZZ;         158.874;à;               1,20;
30.08.;aufsteigend;17;22;27;35;36;39;ZZ;21;6er;               1;à;       1.507.513,30;5er + ZZ;               5;à;          24.567,30;5er;             124;à;           1.080,60;4er + ZZ;             273;à;             147,20;
30.08.;;;;;;;;;;4er;           5.160;à;              43,20;3er + ZZ;           6.502;à;              15,40;3er;          81.147;à;               4,90;ZZ;         245.194;à;               1,20;
02.09.;aufsteigend;11;21;34;37;40;43;ZZ;19;6er;JP;;         650.112,50;5er + ZZ;               2;à;          44.695,20;5er;              55;à;           1.773,00;4er + ZZ;             188;à;             155,60;
02.09.;;;;;;;;;;4er;           3.282;à;              49,50;3er + ZZ;           4.211;à;              17,30;3er;          52.121;à;               5,60;ZZ;         183.928;à;               1,20;
06.09.;aufsteigend;4;11;15;34;36;39;ZZ;44;6er;DJP;;       1.555.863,00;5er + ZZ;               4;à;          31.135,10;5er;              95;à;           1.430,10;4er + ZZ;             227;à;             179,50;
06.09.;;;;;;;;;;4er;           4.604;à;              49,10;3er + ZZ;           6.301;à;              16,10;3er;          76.571;à;               5,30;ZZ;         223.657;à;               1,20;
09.09.;aufsteigend;7;11;18;22;26;34;ZZ;27;6er;3JP;;       2.473.805,10;5er + ZZ;               4;à;          31.554,20;5er;             157;à;             877,00;4er + ZZ;             266;à;             155,20;
09.09.;;;;;;;;;;4er;           5.841;à;              39,20;3er + ZZ;           7.283;à;              14,10;3er;          86.547;à;               4,70;ZZ;         253.025;à;               1,20;
13.09.;aufsteigend;20;22;30;34;40;43;ZZ;39;6er;4JP;;       3.660.980,50;5er + ZZ;               4;à;          40.809,10;5er;             125;à;           1.424,60;4er + ZZ;             361;à;             147,90;
13.09.;;;;;;;;;;4er;           6.123;à;              48,40;3er + ZZ;           8.034;à;              16,60;3er;          99.809;à;               5,30;ZZ;         310.886;à;               1,20;
16.09.;aufsteigend;3;8;18;23;32;41;ZZ;21;6er;5JP;;       4.966.216,30;5er + ZZ;               6;à;          29.911,60;5er;             174;à;           1.125,20;4er + ZZ;             475;à;             123,60;
16.09.;;;;;;;;;;4er;           7.545;à;              43,20;3er + ZZ;          10.539;à;              13,90;3er;         116.474;à;               5,00;ZZ;         347.052;à;               1,20;
20.09.;aufsteigend;5;6;14;19;26;30;ZZ;11;6er;               1;à;       6.700.911,10;5er + ZZ;              11;à;          21.683,60;5er;             234;à;           1.111,90;4er + ZZ;             674;à;             115,80;
20.09.;;;;;;;;;;4er;          10.145;à;              42,70;3er + ZZ;          15.330;à;              12,70;3er;         159.880;à;               4,90;ZZ;         471.763;à;               1,20;
23.09.;aufsteigend;4;8;11;21;39;45;ZZ;14;6er;               2;à;         500.000,00;5er + ZZ;JP;;          88.480,70;5er;              92;à;           1.049,10;4er + ZZ;             207;à;             139,80;
23.09.;;;;;;;;;;4er;           4.209;à;              38,20;3er + ZZ;           4.778;à;              15,10;3er;          64.074;à;               4,50;ZZ;         157.081;à;               1,20;
27.09.;aufsteigend;3;6;8;11;32;39;ZZ;27;6er;JP;;         731.813,00;5er + ZZ;               2;à;          94.552,50;5er;              80;à;           1.372,10;4er + ZZ;             285;à;             115,50;
27.09.;;;;;;;;;;4er;           4.708;à;              38,80;3er + ZZ;           6.973;à;              11,80;3er;          73.045;à;               4,50;ZZ;         195.353;à;               1,20;
30.09.;aufsteigend;2;7;11;22;28;39;ZZ;40;6er;DJP;;       1.533.324,40;5er + ZZ;               1;à;         110.207,80;5er;             134;à;             897,20;4er + ZZ;             227;à;             158,80;
30.09.;;;;;;;;;;4er;           5.482;à;              36,50;3er + ZZ;           5.893;à;              15,30;3er;          82.290;à;               4,40;ZZ;         192.295;à;               1,20;
04.10.;aufsteigend;10;14;16;27;30;40;ZZ;38;6er;               1;à;       2.573.740,50;5er + ZZ;               3;à;          47.685,70;5er;             160;à;             975,30;4er + ZZ;             338;à;             138,50;
04.10.;;;;;;;;;;4er;           6.515;à;              39,90;3er + ZZ;           7.552;à;              15,40;3er;          97.062;à;               4,80;ZZ;         249.096;à;               1,20;
07.10.;aufsteigend;3;7;9;13;17;26;ZZ;18;6er;               1;à;       1.000.000,00;5er + ZZ;               4;à;          21.981,70;5er;             193;à;             496,90;4er + ZZ;             289;à;              99,50;
07.10.;;;;;;;;;;4er;           6.500;à;              24,50;3er + ZZ;           5.783;à;              12,40;3er;          80.328;à;               3,60;ZZ;         151.427;à;               1,20;
11.10.;aufsteigend;5;16;18;24;34;42;ZZ;20;6er;               1;à;       1.000.000,00;5er + ZZ;               1;à;         101.545,20;5er;              77;à;           1.438,60;4er + ZZ;             204;à;             162,90;
11.10.;;;;;;;;;;4er;           3.804;à;              48,50;3er + ZZ;           5.181;à;              16,00;3er;          62.277;à;               5,30;ZZ;         192.975;à;               1,20;
14.10.;aufsteigend;4;7;9;10;19;42;ZZ;8;6er;JP;;         620.082,20;5er + ZZ;               3;à;          28.420,40;5er;             100;à;             930,10;4er + ZZ;             335;à;              83,20;
14.10.;;;;;;;;;;4er;           4.878;à;              31,70;3er + ZZ;           6.692;à;              10,40;3er;          66.381;à;               4,20;ZZ;         175.385;à;               1,20;
18.10.;aufsteigend;10;15;22;35;43;45;ZZ;2;6er;               2;à;         765.055,50;5er + ZZ;               3;à;          41.709,60;5er;              99;à;           1.378,80;4er + ZZ;             271;à;             151,10;
18.10.;;;;;;;;;;4er;           4.958;à;              45,80;3er + ZZ;           6.486;à;              15,70;3er;          77.204;à;               5,30;ZZ;         251.137;à;               1,20;
21.10.;aufsteigend;3;11;19;25;28;38;ZZ;34;6er;               1;à;       1.000.000,00;5er + ZZ;               1;à;          83.707,60;5er;             106;à;             861,40;4er + ZZ;             175;à;             156,50;
21.10.;;;;;;;;;;4er;           3.917;à;              38,80;3er + ZZ;           4.121;à;              16,60;3er;          58.612;à;               4,60;ZZ;         146.600;à;               1,20;
25.10.;aufsteigend;1;3;5;10;39;40;ZZ;19;6er;JP;;         726.546,40;5er + ZZ;               4;à;          24.975,00;5er;              98;à;           1.112,00;4er + ZZ;             292;à;             111,90;
25.10.;;;;;;;;;;4er;           4.494;à;              40,40;3er + ZZ;           6.981;à;              11,70;3er;          73.562;à;               4,40;ZZ;         180.693;à;               1,20;
28.10.;aufsteigend;4;8;10;15;18;35;ZZ;42;6er;               1;à;       1.446.969,50;5er + ZZ;               3;à;          33.019,30;5er;              75;à;           1.440,80;4er + ZZ;             191;à;             169,70;
28.10.;;;;;;;;;;4er;           4.329;à;              41,60;3er + ZZ;           5.014;à;              16,10;3er;          69.021;à;               4,70;ZZ;         174.118;à;               1,20;
01.11.;aufsteigend;1;4;5;8;28;29;ZZ;39;6er;               1;à;       1.000.000,00;5er + ZZ;               2;à;          51.017,90;5er;             145;à;             767,60;4er + ZZ;             211;à;             158,20;
01.11.;;;;;;;;;;4er;           5.890;à;              31,40;3er + ZZ;           5.491;à;              15,20;3er;          82.470;à;               4,00;ZZ;         184.625;à;               1,20;
04.11.;aufsteigend;6;17;26;28;36;45;ZZ;11;6er;JP;;         618.587,70;5er + ZZ;               2;à;          42.527,90;5er;              85;à;           1.091,60;4er + ZZ;             201;à;             138,40;
04.11.;;;;;;;;;;4er;           3.423;à;              45,10;3er + ZZ;           4.853;à;              14,30;3er;          55.452;à;               5,00;ZZ;         178.762;à;               1,20;
08.11.;aufsteigend;18;28;31;35;44;45;ZZ;26;6er;DJP;;       1.510.489,60;5er + ZZ;               6;à;          20.439,40;5er;              92;à;           1.454,10;4er + ZZ;             197;à;             203,70;
08.11.;;;;;;;;;;4er;           4.224;à;              52,70;3er + ZZ;           5.856;à;              17,10;3er;          69.246;à;               5,80;ZZ;         252.791;à;               1,20;
11.11.;aufsteigend;7;16;20;31;38;41;ZZ;1;6er;3JP;;       2.453.597,70;5er + ZZ;               3;à;          43.225,70;5er;              99;à;           1.428,90;4er + ZZ;             253;à;             167,70;
11.11.;;;;;;;;;;4er;           4.748;à;              49,60;3er + ZZ;           6.228;à;              17,00;3er;          77.230;à;               5,50;ZZ;         258.840;à;               1,20;
13.11.;aufsteigend;1;4;5;24;42;45;ZZ;26;6er;4JP;;       3.501.068,80;5er + ZZ;               2;à;          72.013,60;5er;             128;à;           1.227,50;4er + ZZ;             288;à;             163,60;
13.11.;;;;;;;;;;4er;           5.695;à;              45,90;3er + ZZ;           7.929;à;              14,80;3er;          93.627;à;               5,00;ZZ;         282.483;à;               1,20;
15.11.;aufsteigend;12;16;29;34;35;45;ZZ;22;6er;5JP;;       4.528.208,60;5er + ZZ;               2;à;          70.615,80;5er;              85;à;           1.812,50;4er + ZZ;             243;à;             190,20;
15.11.;;;;;;;;;;4er;           4.846;à;              52,90;3er + ZZ;           7.056;à;              16,30;3er;          82.780;à;               5,60;ZZ;         272.725;à;               1,20;
18.11.;aufsteigend;7;16;25;30;33;39;ZZ;26;6er;               2;à;       3.047.867,60;5er + ZZ;               4;à;          53.883,70;5er;             191;à;           1.231,00;4er + ZZ;             545;à;             129,40;
18.11.;;;;;;;;;;4er;           8.483;à;              46,10;3er + ZZ;          12.386;à;              14,20;3er;         136.477;à;               5,10;ZZ;         418.846;à;               1,20;
22.11.;aufsteigend;18;22;36;40;42;45;ZZ;2;6er;               2;à;         500.000,00;5er + ZZ;               1;à;         104.978,70;5er;              70;à;           1.636,00;4er + ZZ;             192;à;             178,90;
22.11.;;;;;;;;;;4er;           3.647;à;              52,30;3er + ZZ;           4.962;à;              17,30;3er;          60.960;à;               5,60;ZZ;         226.406;à;               1,20;
25.11.;aufsteigend;10;13;15;26;33;39;ZZ;35;6er;               1;à;       1.000.000,00;5er + ZZ;               3;à;          29.039,30;5er;              93;à;           1.021,90;4er + ZZ;             203;à;             140,40;
25.11.;;;;;;;;;;4er;           3.827;à;              41,30;3er + ZZ;           4.878;à;              14,60;3er;          59.857;à;               4,70;ZZ;         145.432;à;               1,20;
29.11.;aufsteigend;5;15;26;32;33;35;ZZ;30;6er;JP;;         749.657,70;5er + ZZ;               3;à;          34.359,30;5er;             100;à;           1.124,40;4er + ZZ;             256;à;             131,70;
29.11.;;;;;;;;;;4er;           4.917;à;              38,10;3er + ZZ;           5.695;à;              14,80;3er;          68.352;à;               4,90;ZZ;         189.996;à;               1,20;
02.12.;aufsteigend;11;14;24;27;28;34;ZZ;23;6er;               1;à;       1.581.235,90;5er + ZZ;               1;à;         114.342,00;5er;             105;à;           1.187,90;4er + ZZ;             248;à;             150,80;
02.12.;;;;;;;;;;4er;           4.687;à;              44,30;3er + ZZ;           6.443;à;              14,50;3er;          75.182;à;               5,00;ZZ;         215.292;à;               1,20;
06.12.;aufsteigend;4;10;12;20;40;41;ZZ;2;6er;JP;;         798.355,70;5er + ZZ;               2;à;          54.886,90;5er;              99;à;           1.209,60;4er + ZZ;             277;à;             129,60;
06.12.;;;;;;;;;;4er;           4.698;à;              42,40;3er + ZZ;           7.193;à;              12,40;3er;          73.711;à;               4,90;ZZ;         210.526;à;               1,20;
09.12.;aufsteigend;1;4;6;9;23;42;ZZ;41;6er;DJP;;       1.596.571,80;5er + ZZ;               2;à;          54.877,30;5er;             108;à;           1.108,60;4er + ZZ;             242;à;             148,40;
09.12.;;;;;;;;;;4er;           5.463;à;              36,50;3er + ZZ;           5.182;à;              17,30;3er;          82.818;à;               4,30;ZZ;         190.445;à;               1,20;
13.12.;aufsteigend;17;19;22;24;29;43;ZZ;1;6er;3JP;;       2.674.182,60;5er + ZZ;               7;à;          21.167,30;5er;             116;à;           1.393,40;4er + ZZ;             302;à;             160,50;
13.12.;;;;;;;;;;4er;           5.583;à;              48,20;3er + ZZ;           7.399;à;              16,30;3er;          93.050;à;               5,20;ZZ;         289.765;à;               1,20;
16.12.;aufsteigend;5;11;12;19;21;41;ZZ;42;6er;4JP;;       3.851.131,30;5er + ZZ;               4;à;          40.457,60;5er;             174;à;           1.014,60;4er + ZZ;             358;à;             147,90;
16.12.;;;;;;;;;;4er;           7.525;à;              39,10;3er + ZZ;           8.349;à;              15,80;3er;         117.054;à;               4,50;ZZ;         288.072;à;               1,20;
20.12.;aufsteigend;10;12;16;27;39;42;ZZ;45;6er;5JP;;       5.372.211,40;5er + ZZ;               3;à;          69.716,10;5er;             163;à;           1.399,70;4er + ZZ;             437;à;             156,60;
20.12.;;;;;;;;;;4er;           8.680;à;              43,80;3er + ZZ;          10.770;à;              15,80;3er;         138.303;à;               4,90;ZZ;         381.506;à;               1,20;
23.12.;aufsteigend;7;12;23;24;31;38;ZZ;22;6er;6JP;;       7.386.953,70;5er + ZZ;              11;à;          25.184,20;5er;             225;à;           1.343,10;4er + ZZ;             570;à;             159,00;
23.12.;;;;;;;;;;4er;          11.367;à;              44,30;3er + ZZ;          14.329;à;              15,80;3er;         178.276;à;               5,10;ZZ;         539.397;à;               1,20;
27.12.;aufsteigend;16;18;19;24;28;32;ZZ;42;6er;               1;à;       9.165.954,00;5er + ZZ;               3;à;          81.537,50;5er;             229;à;           1.165,20;4er + ZZ;             556;à;             143,90;
27.12.;;;;;;;;;;4er;           9.731;à;              45,70;3er + ZZ;          12.596;à;              15,80;3er;         154.426;à;               5,20;ZZ;         439.056;à;               1,20;
30.12.;aufsteigend;3;6;14;35;40;42;ZZ;11;6er;JP;;         831.707,50;5er + ZZ;               2;à;          57.179,80;5er;             109;à;           1.144,50;4er + ZZ;             220;à;             170,10;
30.12.;;;;;;;;;;4er;           4.063;à;              51,10;3er + ZZ;           6.022;à;              15,50;3er;          69.749;à;               5,30;ZZ;         239.396;à;               1,20;
