Ziehungstag;Zahl1;Zahl2;Zahl3;Zahl4;Zahl5;Stern1;Stern2;Rang;Zahlen;Sterne;Europa;Österreich;Quoten;
Di. 03.01.2023;20;21;29;45;46;3;10;1;5;2;JP;JP;  26.981.448,90;
;;;;;;;;2;5;1;           2;           0;     260.515,80;
;;;;;;;;3;5;0;           5;           1;      24.354,70;
;;;;;;;;4;4;2;          21;           3;       1.806,10;
;;;;;;;;5;4;1;         400;          14;         174,60;
;;;;;;;;6;3;2;         923;          48;          80,00;
;;;;;;;;7;4;0;         903;          57;          57,40;
;;;;;;;;8;2;2;      15.877;         857;          16,30;
;;;;;;;;9;3;1;      20.261;       1.170;          14,20;
;;;;;;;;10;3;0;      46.476;       2.549;          11,50;
;;;;;;;;11;1;2;      90.728;       4.659;           7,10;
;;;;;;;;12;2;1;     331.619;      17.229;           6,20;
;;;;;;;;13;2;0;     755.050;      38.227;           4,30;
Fr. 06.01.2023;16;31;35;44;45;4;12;1;5;2;JP;JP;  40.092.766,40;
;;;;;;;;2;5;1;           2;           0;     342.205,30;
;;;;;;;;3;5;0;           0;           0;wird dem Rang 4+2 zugeschlagen;
;;;;;;;;4;4;2;          21;           2;       9.989,50;
;;;;;;;;5;4;1;         535;          29;         171,50;
;;;;;;;;6;3;2;       1.290;          50;          75,20;
;;;;;;;;7;4;0;       1.362;          56;          50,00;
;;;;;;;;8;2;2;      17.414;         760;          19,50;
;;;;;;;;9;3;1;      25.411;       1.069;          14,90;
;;;;;;;;10;3;0;      63.472;       2.473;          11,10;
;;;;;;;;11;1;2;      94.055;       4.141;           9,10;
;;;;;;;;12;2;1;     390.026;      15.868;           6,90;
;;;;;;;;13;2;0;     986.599;      38.230;           4,40;
Di. 10.01.2023;11;13;34;40;42;3;10;1;5;2;JP;JP;  51.358.214,50;
;;;;;;;;2;5;1;           0;           0;wird dem Rang 5+0 zugeschlagen;
;;;;;;;;3;5;0;           5;           1;     145.098,90;
;;;;;;;;4;4;2;          28;           2;       1.528,80;
;;;;;;;;5;4;1;         552;          33;         142,80;
;;;;;;;;6;3;2;       1.334;          80;          62,40;
;;;;;;;;7;4;0;       1.342;          86;          43,60;
;;;;;;;;8;2;2;      19.941;       1.045;          14,60;
;;;;;;;;9;3;1;      25.943;       1.397;          12,50;
;;;;;;;;10;3;0;      59.495;       3.154;          10,20;
;;;;;;;;11;1;2;     105.242;       5.352;           7,00;
;;;;;;;;12;2;1;     398.664;      20.507;           5,80;
;;;;;;;;13;2;0;     911.043;      45.842;           4,10;
Fr. 13.01.2023;4;13;25;33;37;5;10;1;5;2;           1;           0;  68.825.114,00;
;;;;;;;;2;5;1;           5;           1;     182.354,40;
;;;;;;;;3;5;0;          11;           1;      19.372,30;
;;;;;;;;4;4;2;          66;           3;       1.005,60;
;;;;;;;;5;4;1;       1.124;          36;         108,70;
;;;;;;;;6;3;2;       2.343;          85;          55,10;
;;;;;;;;7;4;0;       2.818;          96;          32,20;
;;;;;;;;8;2;2;      31.940;       1.273;          14,20;
;;;;;;;;9;3;1;      48.995;       1.763;          10,30;
;;;;;;;;10;3;0;     116.575;       4.288;           8,00;
;;;;;;;;11;1;2;     163.100;       6.610;           7,00;
;;;;;;;;12;2;1;     667.206;      24.793;           5,30;
;;;;;;;;13;2;0;   1.566.569;      58.517;           3,60;
Di. 17.01.2023;18;21;30;46;50;2;6;1;5;2;JP;JP;  17.000.000,00;
;;;;;;;;2;5;1;           6;           0;      82.263,60;
;;;;;;;;3;5;0;           3;           0;      38.452,70;
;;;;;;;;4;4;2;          30;           1;       1.197,70;
;;;;;;;;5;4;1;         415;          19;         159,40;
;;;;;;;;6;3;2;       1.174;          58;          59,60;
;;;;;;;;7;4;0;         962;          50;          51,10;
;;;;;;;;8;2;2;      18.805;         819;          13,00;
;;;;;;;;9;3;1;      21.186;       1.000;          12,90;
;;;;;;;;10;3;0;      46.272;       2.226;          11,00;
;;;;;;;;11;1;2;     107.208;       4.948;           5,70;
;;;;;;;;12;2;1;     330.237;      15.526;           5,80;
;;;;;;;;13;2;0;     717.298;      34.237;           4,30;
Fr. 20.01.2023;3;6;13;40;42;7;11;1;5;2;JP;JP;  30.055.348,30;
;;;;;;;;2;5;1;           4;           0;     170.372,20;
;;;;;;;;3;5;0;           8;           0;      19.909,40;
;;;;;;;;4;4;2;          36;           0;       1.378,00;
;;;;;;;;5;4;1;         726;          39;         125,80;
;;;;;;;;6;3;2;       1.649;          64;          58,50;
;;;;;;;;7;4;0;       1.588;          68;          42,70;
;;;;;;;;8;2;2;      24.580;         966;          13,80;
;;;;;;;;9;3;1;      34.871;       1.370;          10,80;
;;;;;;;;10;3;0;      78.980;       3.234;           8,90;
;;;;;;;;11;1;2;     127.330;       5.108;           6,70;
;;;;;;;;12;2;1;     506.287;      20.162;           5,30;
;;;;;;;;13;2;0;   1.128.008;      44.744;           3,80;
Di. 24.01.2023;11;27;41;43;47;7;11;1;5;2;JP;JP;  40.135.672,40;
;;;;;;;;2;5;1;           2;           0;     263.096,40;
;;;;;;;;3;5;0;           4;           0;      30.744,90;
;;;;;;;;4;4;2;          34;           1;       1.126,60;
;;;;;;;;5;4;1;         496;          25;         142,20;
;;;;;;;;6;3;2;       1.315;          69;          56,70;
;;;;;;;;7;4;0;       1.076;          50;          48,70;
;;;;;;;;8;2;2;      19.025;         877;          13,70;
;;;;;;;;9;3;1;      24.315;       1.205;          12,00;
;;;;;;;;10;3;0;      50.173;       2.649;          10,80;
;;;;;;;;11;1;2;      98.362;       4.744;           6,70;
;;;;;;;;12;2;1;     360.151;      17.825;           5,70;
;;;;;;;;13;2;0;     748.772;      38.581;           4,40;
Fr. 27.01.2023;8;9;15;19;31;10;12;1;5;2;JP;JP;  54.426.133,20;
;;;;;;;;2;5;1;           4;           0;     186.490,50;
;;;;;;;;3;5;0;          13;           0;      13.411,00;
;;;;;;;;4;4;2;          33;           1;       1.645,50;
;;;;;;;;5;4;1;         797;          28;         125,50;
;;;;;;;;6;3;2;       1.505;          62;          70,20;
;;;;;;;;7;4;0;       2.624;          96;          28,30;
;;;;;;;;8;2;2;      20.087;         975;          18,40;
;;;;;;;;9;3;1;      33.629;       1.424;          12,30;
;;;;;;;;10;3;0;     111.310;       3.996;           6,90;
;;;;;;;;11;1;2;     101.419;       4.829;           9,20;
;;;;;;;;12;2;1;     465.139;      20.826;           6,30;
;;;;;;;;13;2;0;   1.474.197;      55.520;           3,20;
Di. 31.01.2023;7;12;19;33;43;3;7;1;5;2;           1;           0;  66.081.021,00;
;;;;;;;;2;5;1;           3;           0;     202.795,00;
;;;;;;;;3;5;0;           5;           0;      28.437,90;
;;;;;;;;4;4;2;          99;           3;         447,30;
;;;;;;;;5;4;1;         972;          64;          83,90;
;;;;;;;;6;3;2;       3.897;         156;          22,10;
;;;;;;;;7;4;0;       1.722;         105;          35,10;
;;;;;;;;8;2;2;      47.231;       1.811;           6,40;
;;;;;;;;9;3;1;      42.115;       2.002;           8,00;
;;;;;;;;10;3;0;      74.951;       4.092;           8,30;
;;;;;;;;11;1;2;     199.918;       7.765;           3,80;
;;;;;;;;12;2;1;     544.979;      25.408;           4,40;
;;;;;;;;13;2;0;   1.000.376;      52.683;           3,80;
Fr. 03.02.2023;2;14;17;32;45;3;10;1;5;2;JP;JP;  26.903.914,40;
;;;;;;;;2;5;1;           7;           0;     200.626,30;
;;;;;;;;3;5;0;          30;           0;      10.940,90;
;;;;;;;;4;4;2;          97;           2;       1.053,90;
;;;;;;;;5;4;1;       1.623;          74;         116,00;
;;;;;;;;6;3;2;       3.561;         108;          55,90;
;;;;;;;;7;4;0;       4.033;         171;          34,60;
;;;;;;;;8;2;2;      49.800;       1.737;          14,00;
;;;;;;;;9;3;1;      68.391;       2.378;          11,40;
;;;;;;;;10;3;0;     159.540;       5.581;           9,10;
;;;;;;;;11;1;2;     261.401;       9.332;           6,70;
;;;;;;;;12;2;1;     969.875;      34.010;           5,70;
;;;;;;;;13;2;0;   2.249.589;      77.234;           3,90;
Di. 07.02.2023;2;8;34;44;47;3;9;1;5;2;JP;JP;  37.368.401,40;
;;;;;;;;2;5;1;           5;           0;     109.249,20;
;;;;;;;;3;5;0;           6;           2;      21.277,70;
;;;;;;;;4;4;2;          19;           1;       2.092,80;
;;;;;;;;5;4;1;         447;          26;         163,80;
;;;;;;;;6;3;2;       1.268;          75;          61,00;
;;;;;;;;7;4;0;       1.050;          60;          51,80;
;;;;;;;;8;2;2;      20.488;       1.004;          13,20;
;;;;;;;;9;3;1;      22.536;       1.128;          13,40;
;;;;;;;;10;3;0;      49.757;       2.711;          11,30;
;;;;;;;;11;1;2;     121.583;       5.762;           5,60;
;;;;;;;;12;2;1;     361.349;      18.085;           5,90;
;;;;;;;;13;2;0;     778.049;      39.553;           4,40;
Fr. 10.02.2023;3;13;25;36;47;3;8;1;5;2;JP;JP;  51.805.568,10;
;;;;;;;;2;5;1;          12;           0;      62.801,60;
;;;;;;;;3;5;0;          17;           1;      10.360,70;
;;;;;;;;4;4;2;          83;           4;         660,90;
;;;;;;;;5;4;1;       1.151;          37;          87,80;
;;;;;;;;6;3;2;       3.184;          81;          33,50;
;;;;;;;;7;4;0;       2.099;          65;          35,70;
;;;;;;;;8;2;2;      35.034;       1.308;          10,70;
;;;;;;;;9;3;1;      41.898;       1.530;           9,90;
;;;;;;;;10;3;0;      82.058;       3.402;           9,50;
;;;;;;;;11;1;2;     176.046;       6.806;           5,30;
;;;;;;;;12;2;1;     592.301;      23.278;           5,00;
;;;;;;;;13;2;0;   1.160.251;      48.650;           4,10;
Di. 14.02.2023;24;26;38;43;46;2;3;1;5;2;JP;JP;  63.133.766,30;
;;;;;;;;2;5;1;           4;           1;     147.832,90;
;;;;;;;;3;5;0;           2;           0;      69.102,00;
;;;;;;;;4;4;2;          21;           0;       2.049,80;
;;;;;;;;5;4;1;         611;          37;         129,70;
;;;;;;;;6;3;2;       1.078;          66;          77,70;
;;;;;;;;7;4;0;       1.144;          59;          51,40;
;;;;;;;;8;2;2;      16.539;         937;          17,80;
;;;;;;;;9;3;1;      25.640;       1.416;          12,80;
;;;;;;;;10;3;0;      53.177;       2.958;          11,50;
;;;;;;;;11;1;2;      95.339;       5.124;           7,70;
;;;;;;;;12;2;1;     392.777;      21.036;           5,90;
;;;;;;;;13;2;0;     803.215;      43.204;           4,60;
Fr. 17.02.2023;8;23;27;42;45;1;9;1;5;2;JP;JP;  78.038.271,30;
;;;;;;;;2;5;1;           2;           0;     389.007,50;
;;;;;;;;3;5;0;          10;           0;      18.183,40;
;;;;;;;;4;4;2;          38;           2;       1.490,40;
;;;;;;;;5;4;1;         915;          45;         114,00;
;;;;;;;;6;3;2;       1.931;          76;          57,10;
;;;;;;;;7;4;0;       2.131;         107;          36,30;
;;;;;;;;8;2;2;      28.368;       1.304;          13,60;
;;;;;;;;9;3;1;      39.444;       1.762;          10,90;
;;;;;;;;10;3;0;      95.550;       4.146;           8,40;
;;;;;;;;11;1;2;     146.242;       6.332;           6,60;
;;;;;;;;12;2;1;     553.040;      25.169;           5,50;
;;;;;;;;13;2;0;   1.322.109;      57.782;           3,70;
Di. 21.02.2023;21;22;34;41;49;2;7;1;5;2;JP;JP;  87.872.368,10;
;;;;;;;;2;5;1;           2;           0;     305.559,40;
;;;;;;;;3;5;0;           3;           0;      47.609,50;
;;;;;;;;4;4;2;          37;           0;       1.202,30;
;;;;;;;;5;4;1;         591;          39;         138,60;
;;;;;;;;6;3;2;       1.597;          77;          54,20;
;;;;;;;;7;4;0;       1.240;          76;          49,00;
;;;;;;;;8;2;2;      24.718;       1.122;          12,30;
;;;;;;;;9;3;1;      27.372;       1.536;          12,40;
;;;;;;;;10;3;0;      57.167;       3.215;          11,00;
;;;;;;;;11;1;2;     145.813;       6.644;           5,20;
;;;;;;;;12;2;1;     418.022;      21.381;           5,70;
;;;;;;;;13;2;0;     861.278;      46.013;           4,50;
Fr. 24.02.2023;7;23;34;42;48;1;3;1;5;2;           1;           0; 102.242.065,00;
;;;;;;;;2;5;1;           2;           0;     446.486,90;
;;;;;;;;3;5;0;          11;           1;      18.972,90;
;;;;;;;;4;4;2;          65;           6;       1.000,00;
;;;;;;;;5;4;1;       1.295;          53;          92,40;
;;;;;;;;6;3;2;       1.942;          93;          65,10;
;;;;;;;;7;4;0;       2.780;         136;          31,90;
;;;;;;;;8;2;2;      29.277;       1.452;          15,10;
;;;;;;;;9;3;1;      48.033;       2.363;          10,30;
;;;;;;;;10;3;0;     103.245;       5.221;           8,90;
;;;;;;;;11;1;2;     158.336;       7.957;           7,00;
;;;;;;;;12;2;1;     653.739;      31.883;           5,30;
;;;;;;;;13;2;0;   1.414.630;      69.923;           4,00;
Di. 28.02.2023;12;29;33;37;47;5;10;1;5;2;JP;JP;  17.000.000,00;
;;;;;;;;2;5;1;           5;           0;     104.365,10;
;;;;;;;;3;5;0;          10;           2;      12.195,90;
;;;;;;;;4;4;2;          29;           4;       1.309,90;
;;;;;;;;5;4;1;         522;          37;         134,00;
;;;;;;;;6;3;2;       1.167;          67;          63,30;
;;;;;;;;7;4;0;       1.123;          74;          46,20;
;;;;;;;;8;2;2;      16.880;       1.096;          15,30;
;;;;;;;;9;3;1;      23.943;       1.476;          12,10;
;;;;;;;;10;3;0;      55.554;       3.319;           9,70;
;;;;;;;;11;1;2;      89.949;       5.672;           7,20;
;;;;;;;;12;2;1;     345.266;      20.656;           5,90;
;;;;;;;;13;2;0;     795.288;      47.034;           4,10;
Fr. 03.03.2023;3;6;8;24;50;10;11;1;5;2;JP;JP; 130.000.000,00;
;;;;;;;;2;5;1;           9;           0;     150.850,40;
;;;;;;;;3;5;0;          23;           0;      13.795,90;
;;;;;;;;4;4;2;          71;           8;       1.392,00;
;;;;;;;;5;4;1;       1.574;         100;         115,60;
;;;;;;;;6;3;2;       2.768;         166;          69,50;
;;;;;;;;7;4;0;       4.170;         203;          32,40;
;;;;;;;;8;2;2;      38.046;       2.170;          17,70;
;;;;;;;;9;3;1;      63.197;       3.235;          11,90;
;;;;;;;;10;3;0;     175.575;       7.942;           7,90;
;;;;;;;;11;1;2;     197.887;      11.047;           8,50;
;;;;;;;;12;2;1;     887.391;      44.683;           6,00;
;;;;;;;;13;2;0;   2.391.851;     108.242;           3,60;
Di. 07.03.2023;11;13;24;35;50;6;11;1;5;2;           1;           0; 144.966.361,00;
;;;;;;;;2;5;1;           5;           0;     186.010,40;
;;;;;;;;3;5;0;          11;           0;      19.760,70;
;;;;;;;;4;4;2;          52;           3;       1.302,00;
;;;;;;;;5;4;1;       1.066;          47;         116,90;
;;;;;;;;6;3;2;       2.235;          96;          58,90;
;;;;;;;;7;4;0;       2.142;         109;          43,20;
;;;;;;;;8;2;2;      32.721;       1.561;          14,10;
;;;;;;;;9;3;1;      44.979;       2.213;          11,40;
;;;;;;;;10;3;0;     103.188;       4.797;           9,30;
;;;;;;;;11;1;2;     164.414;       8.413;           7,00;
;;;;;;;;12;2;1;     655.921;      33.254;           5,50;
;;;;;;;;13;2;0;   1.519.654;      73.183;           3,80;
Fr. 10.03.2023;9;16;37;38;48;2;7;1;5;2;JP;JP;  17.000.000,00;
;;;;;;;;2;5;1;           4;           1;     179.080,60;
;;;;;;;;3;5;0;           3;           1;      55.805,40;
;;;;;;;;4;4;2;          35;           2;       1.489,80;
;;;;;;;;5;4;1;         620;          19;         154,90;
;;;;;;;;6;3;2;       1.879;          78;          54,00;
;;;;;;;;7;4;0;       1.395;          71;          51,10;
;;;;;;;;8;2;2;      29.236;       1.098;          12,20;
;;;;;;;;9;3;1;      30.605;       1.301;          13,00;
;;;;;;;;10;3;0;      64.889;       2.981;          11,40;
;;;;;;;;11;1;2;     172.837;       6.066;           5,10;
;;;;;;;;12;2;1;     481.535;      19.659;           5,80;
;;;;;;;;13;2;0;     993.900;      42.929;           4,50;
Di. 14.03.2023;16;26;28;31;46;11;12;1;5;2;JP;JP;  27.135.288,30;
;;;;;;;;2;5;1;           3;           1;     176.354,00;
;;;;;;;;3;5;0;           6;           0;      20.608,40;
;;;;;;;;4;4;2;          27;           1;       1.426,40;
;;;;;;;;5;4;1;         472;          25;         150,30;
;;;;;;;;6;3;2;         890;          49;          84,20;
;;;;;;;;7;4;0;       1.289;          62;          40,80;
;;;;;;;;8;2;2;      12.806;         759;          20,50;
;;;;;;;;9;3;1;      21.120;       1.104;          13,90;
;;;;;;;;10;3;0;      59.941;       2.669;           9,10;
;;;;;;;;11;1;2;      68.655;       4.008;           9,60;
;;;;;;;;12;2;1;     299.524;      16.103;           6,90;
;;;;;;;;13;2;0;     853.081;      40.075;           3,90;
Fr. 17.03.2023;5;15;26;37;49;8;11;1;5;2;JP;JP;  40.979.052,30;
;;;;;;;;2;5;1;           7;           0;     103.234,90;
;;;;;;;;3;5;0;          10;           0;      16.889,30;
;;;;;;;;4;4;2;          31;           1;       1.696,90;
;;;;;;;;5;4;1;         741;          47;         130,70;
;;;;;;;;6;3;2;       1.409;          57;          72,70;
;;;;;;;;7;4;0;       1.816;          81;          39,60;
;;;;;;;;8;2;2;      21.143;         947;          17,00;
;;;;;;;;9;3;1;      33.206;       1.415;          12,00;
;;;;;;;;10;3;0;      77.603;       3.146;           9,60;
;;;;;;;;11;1;2;     112.699;       5.173;           8,00;
;;;;;;;;12;2;1;     478.919;      20.694;           5,90;
;;;;;;;;13;2;0;   1.136.779;      47.019;           4,00;
Di. 21.03.2023;1;9;20;29;32;2;3;1;5;2;JP;JP;  51.752.817,50;
;;;;;;;;2;5;1;           2;           0;     281.195,20;
;;;;;;;;3;5;0;           6;           0;      21.906,60;
;;;;;;;;4;4;2;          28;           1;       1.462,10;
;;;;;;;;5;4;1;         711;          32;         106,00;
;;;;;;;;6;3;2;       1.360;          78;          58,60;
;;;;;;;;7;4;0;       1.379;          64;          40,60;
;;;;;;;;8;2;2;      19.222;       1.006;          14,50;
;;;;;;;;9;3;1;      31.063;       1.417;          10,00;
;;;;;;;;10;3;0;      61.825;       2.972;           9,40;
;;;;;;;;11;1;2;     102.509;       5.234;           6,80;
;;;;;;;;12;2;1;     442.730;      20.939;           5,00;
;;;;;;;;13;2;0;     881.019;      42.701;           4,00;
Fr. 24.03.2023;5;12;25;36;46;6;10;1;5;2;           1;           0;  66.287.741,00;
;;;;;;;;2;5;1;           6;           1;     126.453,80;
;;;;;;;;3;5;0;           7;           0;      25.332,20;
;;;;;;;;4;4;2;          34;           0;       1.624,40;
;;;;;;;;5;4;1;         864;          31;         117,70;
;;;;;;;;6;3;2;       1.710;          72;          62,80;
;;;;;;;;7;4;0;       1.896;          85;          39,80;
;;;;;;;;8;2;2;      24.195;       1.120;          15,60;
;;;;;;;;9;3;1;      34.942;       1.398;          12,00;
;;;;;;;;10;3;0;      85.287;       3.555;           9,20;
;;;;;;;;11;1;2;     125.436;       5.699;           7,50;
;;;;;;;;12;2;1;     506.644;      21.577;           5,90;
;;;;;;;;13;2;0;   1.225.880;      50.693;           3,90;
Di. 28.03.2023;16;21;34;36;44;9;10;1;5;2;JP;JP;  17.000.000,00;
;;;;;;;;2;5;1;           1;           0;     482.807,50;
;;;;;;;;3;5;0;           4;           0;      28.210,00;
;;;;;;;;4;4;2;          19;           0;       1.849,80;
;;;;;;;;5;4;1;         473;          26;         136,80;
;;;;;;;;6;3;2;         779;          43;          87,80;
;;;;;;;;7;4;0;       1.050;          46;          45,80;
;;;;;;;;8;2;2;      11.497;         620;          20,90;
;;;;;;;;9;3;1;      20.191;         902;          13,20;
;;;;;;;;10;3;0;      47.747;       2.187;          10,40;
;;;;;;;;11;1;2;      63.320;       3.354;           9,50;
;;;;;;;;12;2;1;     304.758;      14.655;           6,20;
;;;;;;;;13;2;0;     713.672;      34.006;           4,30;
Fr. 31.03.2023;16;18;28;34;47;5;10;1;5;2;JP;JP;  30.291.562,30;
;;;;;;;;2;5;1;           2;           0;     346.909,70;
;;;;;;;;3;5;0;           3;           1;      54.052,30;
;;;;;;;;4;4;2;          27;           1;       1.870,60;
;;;;;;;;5;4;1;         676;          27;         137,60;
;;;;;;;;6;3;2;       1.514;          69;          64,90;
;;;;;;;;7;4;0;       1.501;          73;          46,00;
;;;;;;;;8;2;2;      22.272;       1.070;          15,50;
;;;;;;;;9;3;1;      31.227;       1.350;          12,30;
;;;;;;;;10;3;0;      70.706;       3.016;          10,10;
;;;;;;;;11;1;2;     119.432;       5.317;           7,20;
;;;;;;;;12;2;1;     463.717;      19.261;           5,90;
;;;;;;;;13;2;0;   1.058.817;      44.852;           4,10;
Di. 04.04.2023;10;16;31;33;50;3;8;1;5;2;JP;JP;  40.419.100,60;
;;;;;;;;2;5;1;           2;           0;     264.328,70;
;;;;;;;;3;5;0;           5;           0;      24.711,10;
;;;;;;;;4;4;2;          16;           1;       2.405,20;
;;;;;;;;5;4;1;         475;          27;         149,20;
;;;;;;;;6;3;2;       1.348;          49;          55,50;
;;;;;;;;7;4;0;       1.112;          60;          47,30;
;;;;;;;;8;2;2;      22.024;       1.043;          11,90;
;;;;;;;;9;3;1;      24.416;       1.278;          12,00;
;;;;;;;;10;3;0;      51.848;       2.896;          10,50;
;;;;;;;;11;1;2;     123.299;       5.655;           5,30;
;;;;;;;;12;2;1;     374.844;      18.768;           5,50;
;;;;;;;;13;2;0;     785.097;      40.860;           4,20;
Fr. 07.04.2023;5;26;28;36;46;6;12;1;5;2;JP;JP;  53.926.195,90;
;;;;;;;;2;5;1;           2;           0;     352.535,10;
;;;;;;;;3;5;0;           6;           0;      27.464,40;
;;;;;;;;4;4;2;          33;           2;       1.555,30;
;;;;;;;;5;4;1;         664;          31;         142,30;
;;;;;;;;6;3;2;       1.641;          73;          60,90;
;;;;;;;;7;4;0;       1.594;          66;          44,00;
;;;;;;;;8;2;2;      19.377;       1.043;          18,10;
;;;;;;;;9;3;1;      30.798;       1.514;          12,70;
;;;;;;;;10;3;0;      71.565;       3.317;          10,10;
;;;;;;;;11;1;2;     105.720;       5.496;           8,30;
;;;;;;;;12;2;1;     429.199;      21.588;           6,40;
;;;;;;;;13;2;0;   1.083.158;      51.404;           4,10;
Di. 11.04.2023;10;14;16;19;29;2;10;1;5;2;JP;JP;  64.268.423,90;
;;;;;;;;2;5;1;           2;           0;     269.932,10;
;;;;;;;;3;5;0;          10;           1;      12.617,50;
;;;;;;;;4;4;2;          33;           3;       1.190,90;
;;;;;;;;5;4;1;         790;          41;          91,60;
;;;;;;;;6;3;2;       1.498;          71;          51,00;
;;;;;;;;7;4;0;       1.874;          69;          28,60;
;;;;;;;;8;2;2;      19.088;         889;          14,00;
;;;;;;;;9;3;1;      31.615;       1.343;           9,40;
;;;;;;;;10;3;0;      74.016;       3.092;           7,50;
;;;;;;;;11;1;2;      94.853;       4.697;           7,10;
;;;;;;;;12;2;1;     409.669;      19.430;           5,20;
;;;;;;;;13;2;0;     975.578;      44.147;           3,50;
Fr. 14.04.2023;4;11;37;44;49;6;7;1;5;2;JP;JP;  76.614.029,50;
;;;;;;;;2;5;1;           2;           0;     383.595,60;
;;;;;;;;3;5;0;           7;           1;      25.615,00;
;;;;;;;;4;4;2;          30;           1;       1.861,60;
;;;;;;;;5;4;1;         867;          41;         118,60;
;;;;;;;;6;3;2;       1.645;          74;          66,10;
;;;;;;;;7;4;0;       1.677;          76;          45,50;
;;;;;;;;8;2;2;      25.265;       1.087;          15,10;
;;;;;;;;9;3;1;      37.902;       1.602;          11,20;
;;;;;;;;10;3;0;      77.447;       3.768;          10,20;
;;;;;;;;11;1;2;     141.622;       5.765;           6,70;
;;;;;;;;12;2;1;     560.348;      23.728;           5,40;
;;;;;;;;13;2;0;   1.123.822;      52.189;           4,30;
Di. 18.04.2023;17;21;23;35;37;10;11;1;5;2;JP;JP;  86.295.887,20;
;;;;;;;;2;5;1;           4;           1;     150.414,50;
;;;;;;;;3;5;0;           6;           0;      23.436,20;
;;;;;;;;4;4;2;          37;           2;       1.183,70;
;;;;;;;;5;4;1;         645;          43;         125,00;
;;;;;;;;6;3;2;       1.083;          79;          78,70;
;;;;;;;;7;4;0;       1.682;          68;          35,60;
;;;;;;;;8;2;2;      16.568;       1.016;          18,00;
;;;;;;;;9;3;1;      29.365;       1.644;          11,30;
;;;;;;;;10;3;0;      79.242;       3.819;           7,80;
;;;;;;;;11;1;2;      84.684;       5.311;           8,90;
;;;;;;;;12;2;1;     402.950;      22.585;           5,80;
;;;;;;;;13;2;0;   1.089.552;      53.490;           3,50;
Fr. 21.04.2023;7;8;18;33;42;2;8;1;5;2;JP;JP; 101.652.719,20;
;;;;;;;;2;5;1;           3;           0;     318.105,80;
;;;;;;;;3;5;0;          13;           1;      17.156,90;
;;;;;;;;4;4;2;          75;           4;         926,20;
;;;;;;;;5;4;1;       1.279;          66;         100,00;
;;;;;;;;6;3;2;       3.538;         167;          38,20;
;;;;;;;;7;4;0;       2.747;         125;          34,60;
;;;;;;;;8;2;2;      47.595;       2.003;           9,90;
;;;;;;;;9;3;1;      54.053;       2.407;           9,80;
;;;;;;;;10;3;0;     113.805;       5.145;           8,60;
;;;;;;;;11;1;2;     234.770;       9.448;           5,00;
;;;;;;;;12;2;1;     745.626;      31.879;           5,00;
;;;;;;;;13;2;0;   1.600.549;      69.263;           3,70;
Di. 25.04.2023;10;29;30;40;45;1;12;1;5;2;JP;JP; 113.203.135,00;
;;;;;;;;2;5;1;           1;           0;     717.775,80;
;;;;;;;;3;5;0;           5;           0;      33.551,20;
;;;;;;;;4;4;2;          40;           3;       1.306,20;
;;;;;;;;5;4;1;         648;          38;         148,50;
;;;;;;;;6;3;2;       1.717;         106;          59,20;
;;;;;;;;7;4;0;       1.695;         101;          42,10;
;;;;;;;;8;2;2;      19.750;       1.122;          18,10;
;;;;;;;;9;3;1;      31.233;       1.828;          12,70;
;;;;;;;;10;3;0;      79.582;       4.164;           9,30;
;;;;;;;;11;1;2;     108.657;       6.169;           8,20;
;;;;;;;;12;2;1;     418.973;      24.320;           6,70;
;;;;;;;;13;2;0;   1.119.406;      57.640;           4,00;
Fr. 28.04.2023;11;13;16;23;34;1;10;1;5;2;JP;JP; 129.017.021,70;
;;;;;;;;2;5;1;           1;           0;     982.720,10;
;;;;;;;;3;5;0;          14;           0;      16.405,50;
;;;;;;;;4;4;2;          49;           4;       1.459,90;
;;;;;;;;5;4;1;       1.194;          49;         110,30;
;;;;;;;;6;3;2;       2.040;         133;          68,20;
;;;;;;;;7;4;0;       3.272;         116;          29,90;
;;;;;;;;8;2;2;      29.204;       1.492;          16,70;
;;;;;;;;9;3;1;      51.296;       2.286;          10,60;
;;;;;;;;10;3;0;     140.130;       5.778;           7,20;
;;;;;;;;11;1;2;     147.338;       7.712;           8,30;
;;;;;;;;12;2;1;     697.582;      32.756;           5,50;
;;;;;;;;13;2;0;   1.866.740;      79.156;           3,30;
Di. 02.05.2023;7;32;44;47;48;7;8;1;5;2;JP;JP; 141.358.073,30;
;;;;;;;;2;5;1;           2;           0;     383.454,10;
;;;;;;;;3;5;0;           6;           1;      29.873,10;
;;;;;;;;4;4;2;          27;           0;       2.067,70;
;;;;;;;;5;4;1;         759;          37;         135,40;
;;;;;;;;6;3;2;       1.705;          94;          63,70;
;;;;;;;;7;4;0;       1.469;          91;          52,00;
;;;;;;;;8;2;2;      24.471;       1.306;          15,60;
;;;;;;;;9;3;1;      37.168;       1.963;          11,40;
;;;;;;;;10;3;0;      72.324;       4.148;          10,90;
;;;;;;;;11;1;2;     132.698;       7.146;           7,20;
;;;;;;;;12;2;1;     553.646;      28.527;           5,40;
;;;;;;;;13;2;0;   1.069.150;      59.830;           4,50;
Fr. 05.05.2023;3;8;18;34;49;3;7;1;5;2;           3;           0;  53.041.075,00;
;;;;;;;;2;5;1;           7;           2;     157.711,00;
;;;;;;;;3;5;0;           9;           0;      28.668,60;
;;;;;;;;4;4;2;          69;           3;       1.164,70;
;;;;;;;;5;4;1;       1.270;          57;         116,50;
;;;;;;;;6;3;2;       4.046;         176;          38,60;
;;;;;;;;7;4;0;       2.521;         120;          43,60;
;;;;;;;;8;2;2;      60.931;       2.425;           9,00;
;;;;;;;;9;3;1;      57.893;       2.773;          10,50;
;;;;;;;;10;3;0;     113.767;       5.835;          10,00;
;;;;;;;;11;1;2;     325.394;      12.415;           4,20;
;;;;;;;;12;2;1;     837.510;      40.008;           5,20;
;;;;;;;;13;2;0;   1.672.707;      85.314;           4,10;
Di. 09.05.2023;13;17;21;28;46;7;9;1;5;2;JP;JP;  17.000.000,00;
;;;;;;;;2;5;1;           0;           0;wird dem Rang 5+0 zugeschlagen;
;;;;;;;;3;5;0;           5;           0;     126.107,90;
;;;;;;;;4;4;2;          42;           0;         885,80;
;;;;;;;;5;4;1;         851;          30;          80,50;
;;;;;;;;6;3;2;       2.057;          83;          35,20;
;;;;;;;;7;4;0;       1.477;          60;          34,40;
;;;;;;;;8;2;2;      25.727;         954;           9,80;
;;;;;;;;9;3;1;      35.739;       1.537;           7,90;
;;;;;;;;10;3;0;      64.835;       2.921;           8,10;
;;;;;;;;11;1;2;     120.240;       4.761;           5,30;
;;;;;;;;12;2;1;     455.562;      19.000;           4,40;
;;;;;;;;13;2;0;     859.732;      40.023;           3,70;
Fr. 12.05.2023;9;10;13;39;44;4;6;1;5;2;JP;JP;  30.501.493,50;
;;;;;;;;2;5;1;           3;           0;     234.925,90;
;;;;;;;;3;5;0;           8;           0;      20.589,70;
;;;;;;;;4;4;2;          36;           1;       1.425,10;
;;;;;;;;5;4;1;         676;          25;         139,80;
;;;;;;;;6;3;2;       1.824;          48;          54,70;
;;;;;;;;7;4;0;       1.446;          58;          48,50;
;;;;;;;;8;2;2;      30.108;       1.133;          11,60;
;;;;;;;;9;3;1;      34.193;       1.460;          11,40;
;;;;;;;;10;3;0;      76.574;       3.041;           9,50;
;;;;;;;;11;1;2;     158.399;       5.587;           5,50;
;;;;;;;;12;2;1;     530.715;      21.437;           5,20;
;;;;;;;;13;2;0;   1.183.027;      46.870;           3,70;
Di. 16.05.2023;4;6;9;14;37;4;11;1;5;2;JP;JP;  40.834.212,00;
;;;;;;;;2;5;1;           1;           0;     539.367,90;
;;;;;;;;3;5;0;           7;           0;      18.008,40;
;;;;;;;;4;4;2;          24;           0;       1.636,00;
;;;;;;;;5;4;1;         619;          25;         116,80;
;;;;;;;;6;3;2;       1.249;          75;          61,20;
;;;;;;;;7;4;0;       1.378;          53;          38,90;
;;;;;;;;8;2;2;      17.659;         930;          15,20;
;;;;;;;;9;3;1;      28.842;       1.336;          10,30;
;;;;;;;;10;3;0;      65.918;       3.036;           8,40;
;;;;;;;;11;1;2;      90.548;       5.179;           7,40;
;;;;;;;;12;2;1;     392.797;      19.187;           5,40;
;;;;;;;;13;2;0;     921.483;      43.060;           3,70;
Fr. 19.05.2023;18;27;34;41;49;3;9;1;5;2;JP;JP;  54.581.705,10;
;;;;;;;;2;5;1;           3;           0;     239.206,30;
;;;;;;;;3;5;0;          10;           0;      16.771,90;
;;;;;;;;4;4;2;          44;           3;       1.187,20;
;;;;;;;;5;4;1;         854;          28;         112,60;
;;;;;;;;6;3;2;       2.169;          79;          46,90;
;;;;;;;;7;4;0;       1.724;          98;          41,40;
;;;;;;;;8;2;2;      30.151;       1.235;          11,80;
;;;;;;;;9;3;1;      34.696;       1.561;          11,40;
;;;;;;;;10;3;0;      70.468;       3.318;          10,50;
;;;;;;;;11;1;2;     164.870;       6.695;           5,40;
;;;;;;;;12;2;1;     491.058;      20.430;           5,70;
;;;;;;;;13;2;0;   1.016.739;      44.545;           4,40;
Di. 23.05.2023;5;6;14;23;34;2;11;1;5;2;JP;JP;  65.331.075,10;
;;;;;;;;2;5;1;           3;           0;     187.039,00;
;;;;;;;;3;5;0;           7;           1;      18.734,60;
;;;;;;;;4;4;2;          38;           5;       1.074,90;
;;;;;;;;5;4;1;         710;          33;         105,90;
;;;;;;;;6;3;2;       1.377;          65;          57,70;
;;;;;;;;7;4;0;       1.826;          84;          30,60;
;;;;;;;;8;2;2;      19.268;         917;          14,50;
;;;;;;;;9;3;1;      30.860;       1.459;          10,10;
;;;;;;;;10;3;0;      74.395;       3.397;           7,80;
;;;;;;;;11;1;2;      98.805;       4.811;           7,10;
;;;;;;;;12;2;1;     417.707;      20.270;           5,30;
;;;;;;;;13;2;0;     992.176;      45.364;           3,50;
Fr. 26.05.2023;15;25;37;38;41;1;7;1;5;2;JP;JP;  77.603.768,70;
;;;;;;;;2;5;1;           4;           1;     190.665,00;
;;;;;;;;3;5;0;           3;           0;      59.415,40;
;;;;;;;;4;4;2;          31;           1;       1.790,90;
;;;;;;;;5;4;1;         733;          21;         139,50;
;;;;;;;;6;3;2;       1.525;          75;          70,80;
;;;;;;;;7;4;0;       1.524;          64;          49,80;
;;;;;;;;8;2;2;      24.475;       1.110;          15,50;
;;;;;;;;9;3;1;      33.279;       1.436;          12,70;
;;;;;;;;10;3;0;      72.955;       3.385;          10,80;
;;;;;;;;11;1;2;     142.592;       6.206;           6,70;
;;;;;;;;12;2;1;     499.263;      21.783;           6,00;
;;;;;;;;13;2;0;   1.098.037;      49.466;           4,40;
Di. 30.05.2023;27;29;32;33;47;2;8;1;5;2;JP;JP;  87.066.382,00;
;;;;;;;;2;5;1;           5;           1;     117.606,70;
;;;;;;;;3;5;0;           5;           0;      27.486,60;
;;;;;;;;4;4;2;          25;           3;       1.712,20;
;;;;;;;;5;4;1;         504;          22;         156,40;
;;;;;;;;6;3;2;       1.423;          80;          58,50;
;;;;;;;;7;4;0;       1.059;          58;          55,30;
;;;;;;;;8;2;2;      23.583;       1.289;          12,40;
;;;;;;;;9;3;1;      24.707;       1.356;          13,20;
;;;;;;;;10;3;0;      55.123;       3.008;          11,00;
;;;;;;;;11;1;2;     137.171;       6.975;           5,30;
;;;;;;;;12;2;1;     390.205;      20.893;           5,90;
;;;;;;;;13;2;0;     869.044;      47.056;           4,30;
